{" ": 0.17165123467461432, "\u043e": 0.09452123944596959, "\u0431": 0.016155762852117953, "\u043b": 0.04295372246386332, "\u043c": 0.024650849739188962, "\u0432": 0.03596380224000147, "\u0433": 0.016514190748180776, "\u043d": 0.052155292631598356, "\u0447": 0.013239934630127766, "\u0430": 0.07123956121971514, "\u0440": 0.032557008475494364, "\u0437": 0.014952551522569432, "\u0442": 0.053381553986617154, "\u044f": 0.01724026655049454, "\u043a": 0.027401870279066657, "\u0441": 0.04121805554595138, "\u0438": 0.053147596228093834, "\u0443": 0.024359266916989943, "\u0439": 0.009013712460152269, "\u0435": 0.06933447661459666, "\u044b": 0.013592600019823022, "\u044c": 0.019323988853007682, "\u0434": 0.027167912520543337, "\u044e": 0.004854335364040578, "\u044d": 0.0023038500457543006, "\u0448": 0.006879280101604512, "\u043f": 0.021962064268081016, "\u0445": 0.007196217951820837, "\u0446": 0.002953860764016144, "\u0436": 0.009104760060759868, "\u0444": 0.0006361807029796768, "\u0449": 0.0021909049209499374, "\u044a": 0.00018209520121519735}