{"\u043e": 0.11410802237248518, "\u0431": 0.01950357570192281, "\u043b": 0.0518546344992626, "\u043c": 0.029759022734229347, "\u0432": 0.04341625622617358, "\u0433": 0.019936277374293904, "\u043d": 0.06296296296296296, "\u0447": 0.01598352672732838, "\u0430": 0.08600189220023931, "\u0440": 0.03930350335309013, "\u0437": 0.018051033753513093, "\u0442": 0.06444333138548014, "\u044f": 0.020812811308679076, "\u043a": 0.03308011241895539, "\u0441": 0.04975930099897042, "\u0438": 0.06416089267328937, "\u0443": 0.029407017836769904, "\u0439": 0.010881542699724517, "\u0435": 0.08370203411525726, "\u044b": 0.01640927178117261, "\u044c": 0.02332832456799399, "\u0434": 0.03279767370676462, "\u044e": 0.005860255447032306, "\u044d": 0.0027812560870412112, "\u0448": 0.00830481119737318, "\u043f": 0.026513064529593455, "\u0445": 0.008687425216350837, "\u0446": 0.0035659626568717477, "\u0436": 0.010991457272449007, "\u0444": 0.0007680106853660573, "\u0449": 0.0026449063639146283, "\u044a": 0.00021982914544898017}